Workbook

Sheet LENGUA ESPAÑOLA
A1: Numero | B1: Nombre/Apellido | C1: Docente: Años Escolar: 2025-2026 Grado: Centro Educativo: Jose Bordas Valdez | E1: =Datos!D2 | R1: Final de área
C2: Años Escolar: | F2: =Datos!D4
C3: Grado: | E3: =Datos!D6
C4: Centro Educativo: | G4: =Datos!D8
C5: C1. comunicatica | G5: C2. Pensamiento Lógico, Creativo y Crítico | K5: C3. Ética y Ciudadana | O5: Promedio del área por C.
C7: P1 | D7: R2 | E7: R3 | F7: R4 | G7: P1 | H7: P2 | I7: P3 | J7: P4 | K7: P1 | L7: P2 | M7: P3 | N7: P4 | O7: C1 | P7: C2 | Q7: C3
A8: 1 | B8: =Datos!B2 | O8: =IF(COUNT(C8:F8)<4, "", IF((C8+D8+E8+F8)/4=0, "", (C8+D8+E8+F8)/4)) | P8: =IF(COUNT(G8:J8)<4, "", IF(AVERAGE(G8:J8)=0, "", AVERAGE(G8:J8))) | Q8: =IF(COUNT(K8:N8)<4, "", IF(AVERAGE(K8:N8)=0, "", AVERAGE(K8:N8))) | R8: =IF(COUNT(O8:Q8)<3, "", IF(AVERAGE(O8:Q8)=0, "", AVERAGE(O8:Q8)))
A9: 2 | B9: =Datos!B3 | O9: =IF(COUNT(C9:F9)<4, "", IF((C9+D9+E9+F9)/4=0, "", (C9+D9+E9+F9)/4)) | P9: =IF(COUNT(G9:J9)<4, "", IF(AVERAGE(G9:J9)=0, "", AVERAGE(G9:J9))) | Q9: =IF(COUNT(K9:N9)<4, "", IF(AVERAGE(K9:N9)=0, "", AVERAGE(K9:N9))) | R9: =IF(COUNT(O9:Q9)<3, "", IF(AVERAGE(O9:Q9)=0, "", AVERAGE(O9:Q9)))
A10: 3 | B10: =Datos!B4 | O10: =IF(COUNT(C10:F10)<4, "", IF((C10+D10+E10+F10)/4=0, "", (C10+D10+E10+F10)/4)) | P10: =IF(COUNT(G10:J10)<4, "", IF(AVERAGE(G10:J10)=0, "", AVERAGE(G10:J10))) | Q10: =IF(COUNT(K10:N10)<4, "", IF(AVERAGE(K10:N10)=0, "", AVERAGE(K10:N10))) | R10: =IF(COUNT(O10:Q10)<3, "", IF(AVERAGE(O10:Q10)=0, "", AVERAGE(O10:Q10)))
A11: 4 | B11: =Datos!B5 | O11: =IF(COUNT(C11:F11)<4, "", IF((C11+D11+E11+F11)/4=0, "", (C11+D11+E11+F11)/4)) | P11: =IF(COUNT(G11:J11)<4, "", IF(AVERAGE(G11:J11)=0, "", AVERAGE(G11:J11))) | Q11: =IF(COUNT(K11:N11)<4, "", IF(AVERAGE(K11:N11)=0, "", AVERAGE(K11:N11))) | R11: =IF(COUNT(O11:Q11)<3, "", IF(AVERAGE(O11:Q11)=0, "", AVERAGE(O11:Q11)))
A12: 5 | B12: =Datos!B6 | O12: =IF(COUNT(C12:F12)<4, "", IF((C12+D12+E12+F12)/4=0, "", (C12+D12+E12+F12)/4)) | P12: =IF(COUNT(G12:J12)<4, "", IF(AVERAGE(G12:J12)=0, "", AVERAGE(G12:J12))) | Q12: =IF(COUNT(K12:N12)<4, "", IF(AVERAGE(K12:N12)=0, "", AVERAGE(K12:N12))) | R12: =IF(COUNT(O12:Q12)<3, "", IF(AVERAGE(O12:Q12)=0, "", AVERAGE(O12:Q12)))
A13: 6 | B13: =Datos!B7 | O13: =IF(COUNT(C13:F13)<4, "", IF((C13+D13+E13+F13)/4=0, "", (C13+D13+E13+F13)/4)) | P13: =IF(COUNT(G13:J13)<4, "", IF(AVERAGE(G13:J13)=0, "", AVERAGE(G13:J13))) | Q13: =IF(COUNT(K13:N13)<4, "", IF(AVERAGE(K13:N13)=0, "", AVERAGE(K13:N13))) | R13: =IF(COUNT(O13:Q13)<3, "", IF(AVERAGE(O13:Q13)=0, "", AVERAGE(O13:Q13)))
A14: 7 | B14: =Datos!B8 | O14: =IF(COUNT(C14:F14)<4, "", IF((C14+D14+E14+F14)/4=0, "", (C14+D14+E14+F14)/4)) | P14: =IF(COUNT(G14:J14)<4, "", IF(AVERAGE(G14:J14)=0, "", AVERAGE(G14:J14))) | Q14: =IF(COUNT(K14:N14)<4, "", IF(AVERAGE(K14:N14)=0, "", AVERAGE(K14:N14))) | R14: =IF(COUNT(O14:Q14)<3, "", IF(AVERAGE(O14:Q14)=0, "", AVERAGE(O14:Q14)))
A15: 8 | B15: =Datos!B9 | O15: =IF(COUNT(C15:F15)<4, "", IF((C15+D15+E15+F15)/4=0, "", (C15+D15+E15+F15)/4)) | P15: =IF(COUNT(G15:J15)<4, "", IF(AVERAGE(G15:J15)=0, "", AVERAGE(G15:J15))) | Q15: =IF(COUNT(K15:N15)<4, "", IF(AVERAGE(K15:N15)=0, "", AVERAGE(K15:N15))) | R15: =IF(COUNT(O15:Q15)<3, "", IF(AVERAGE(O15:Q15)=0, "", AVERAGE(O15:Q15)))
A16: 9 | B16: =Datos!B10 | O16: =IF(COUNT(C16:F16)<4, "", IF((C16+D16+E16+F16)/4=0, "", (C16+D16+E16+F16)/4)) | P16: =IF(COUNT(G16:J16)<4, "", IF(AVERAGE(G16:J16)=0, "", AVERAGE(G16:J16))) | Q16: =IF(COUNT(K16:N16)<4, "", IF(AVERAGE(K16:N16)=0, "", AVERAGE(K16:N16))) | R16: =IF(COUNT(O16:Q16)<3, "", IF(AVERAGE(O16:Q16)=0, "", AVERAGE(O16:Q16)))
A17: 10 | B17: =Datos!B11 | O17: =IF(COUNT(C17:F17)<4, "", IF((C17+D17+E17+F17)/4=0, "", (C17+D17+E17+F17)/4)) | P17: =IF(COUNT(G17:J17)<4, "", IF(AVERAGE(G17:J17)=0, "", AVERAGE(G17:J17))) | Q17: =IF(COUNT(K17:N17)<4, "", IF(AVERAGE(K17:N17)=0, "", AVERAGE(K17:N17))) | R17: =IF(COUNT(O17:Q17)<3, "", IF(AVERAGE(O17:Q17)=0, "", AVERAGE(O17:Q17)))
A18: 11 | B18: =Datos!B12 | O18: =IF(COUNT(C18:F18)<4, "", IF((C18+D18+E18+F18)/4=0, "", (C18+D18+E18+F18)/4)) | P18: =IF(COUNT(G18:J18)<4, "", IF(AVERAGE(G18:J18)=0, "", AVERAGE(G18:J18))) | Q18: =IF(COUNT(K18:N18)<4, "", IF(AVERAGE(K18:N18)=0, "", AVERAGE(K18:N18))) | R18: =IF(COUNT(O18:Q18)<3, "", IF(AVERAGE(O18:Q18)=0, "", AVERAGE(O18:Q18)))
A19: 12 | B19: =Datos!B13 | O19: =IF(COUNT(C19:F19)<4, "", IF((C19+D19+E19+F19)/4=0, "", (C19+D19+E19+F19)/4)) | P19: =IF(COUNT(G19:J19)<4, "", IF(AVERAGE(G19:J19)=0, "", AVERAGE(G19:J19))) | Q19: =IF(COUNT(K19:N19)<4, "", IF(AVERAGE(K19:N19)=0, "", AVERAGE(K19:N19))) | R19: =IF(COUNT(O19:Q19)<3, "", IF(AVERAGE(O19:Q19)=0, "", AVERAGE(O19:Q19)))
... A42: 35 | B42: =Datos!B36 | O42: =IF(COUNT(C42:F42)<4, "", IF((C42+D42+E42+F42)/4=0, "", (C42+D42+E42+F42)/4)) | P42: =IF(COUNT(G42:J42)<4, "", IF(AVERAGE(G42:J42)=0, "", AVERAGE(G42:J42))) | Q42: =IF(COUNT(K42:N42)<4, "", IF(AVERAGE(K42:N42)=0, "", AVERAGE(K42:N42))) | R42: =IF(COUNT(O42:Q42)<3, "", IF(AVERAGE(O42:Q42)=0, "", AVERAGE(O42:Q42)))

Sheet MATEMÁTICA
A1: Numero | B1: Nombre/Apellido | C1: Docente: Años Escolar: 2025-2026 Grado: Centro Educativo: Jose Bordas Valdez | E1: =Datos!D2 | R1: Final de área
C2: Años Escolar: | F2: =Datos!D4
C3: Grado: | E3: =Datos!D6
C4: Centro Educativo: | G4: =Datos!D8
C5: C1. comunicatica | G5: C2. Pensamiento Lógico, Creativo y Crítico | K5: C3. Ética y Ciudadana | O5: Promedio del área por C.
C7: P1 | D7: R2 | E7: R3 | F7: R4 | G7: P1 | H7: P2 | I7: P3 | J7: P4 | K7: P1 | L7: P2 | M7: P3 | N7: P4 | O7: C1 | P7: C2 | Q7: C3
A8: 1 | B8: =Datos!B2 | O8: =IF(COUNT(C8:F8)<4, "", IF((C8+D8+E8+F8)/4=0, "", (C8+D8+E8+F8)/4)) | P8: =IF(COUNT(G8:J8)<4, "", IF(AVERAGE(G8:J8)=0, "", AVERAGE(G8:J8))) | Q8: =IF(COUNT(K8:N8)<4, "", IF(AVERAGE(K8:N8)=0, "", AVERAGE(K8:N8))) | R8: =IF(COUNT(O8:Q8)<3, "", IF(AVERAGE(O8:Q8)=0, "", AVERAGE(O8:Q8)))
A9: 2 | B9: =Datos!B3 | O9: =IF(COUNT(C9:F9)<4, "", IF((C9+D9+E9+F9)/4=0, "", (C9+D9+E9+F9)/4)) | P9: =IF(COUNT(G9:J9)<4, "", IF(AVERAGE(G9:J9)=0, "", AVERAGE(G9:J9))) | Q9: =IF(COUNT(K9:N9)<4, "", IF(AVERAGE(K9:N9)=0, "", AVERAGE(K9:N9))) | R9: =IF(COUNT(O9:Q9)<3, "", IF(AVERAGE(O9:Q9)=0, "", AVERAGE(O9:Q9)))
A10: 3 | B10: =Datos!B4 | O10: =IF(COUNT(C10:F10)<4, "", IF((C10+D10+E10+F10)/4=0, "", (C10+D10+E10+F10)/4)) | P10: =IF(COUNT(G10:J10)<4, "", IF(AVERAGE(G10:J10)=0, "", AVERAGE(G10:J10))) | Q10: =IF(COUNT(K10:N10)<4, "", IF(AVERAGE(K10:N10)=0, "", AVERAGE(K10:N10))) | R10: =IF(COUNT(O10:Q10)<3, "", IF(AVERAGE(O10:Q10)=0, "", AVERAGE(O10:Q10)))
A11: 4 | B11: =Datos!B5 | O11: =IF(COUNT(C11:F11)<4, "", IF((C11+D11+E11+F11)/4=0, "", (C11+D11+E11+F11)/4)) | P11: =IF(COUNT(G11:J11)<4, "", IF(AVERAGE(G11:J11)=0, "", AVERAGE(G11:J11))) | Q11: =IF(COUNT(K11:N11)<4, "", IF(AVERAGE(K11:N11)=0, "", AVERAGE(K11:N11))) | R11: =IF(COUNT(O11:Q11)<3, "", IF(AVERAGE(O11:Q11)=0, "", AVERAGE(O11:Q11)))
A12: 5 | B12: =Datos!B6 | O12: =IF(COUNT(C12:F12)<4, "", IF((C12+D12+E12+F12)/4=0, "", (C12+D12+E12+F12)/4)) | P12: =IF(COUNT(G12:J12)<4, "", IF(AVERAGE(G12:J12)=0, "", AVERAGE(G12:J12))) | Q12: =IF(COUNT(K12:N12)<4, "", IF(AVERAGE(K12:N12)=0, "", AVERAGE(K12:N12))) | R12: =IF(COUNT(O12:Q12)<3, "", IF(AVERAGE(O12:Q12)=0, "", AVERAGE(O12:Q12)))
A13: 6 | B13: =Datos!B7 | O13: =IF(COUNT(C13:F13)<4, "", IF((C13+D13+E13+F13)/4=0, "", (C13+D13+E13+F13)/4)) | P13: =IF(COUNT(G13:J13)<4, "", IF(AVERAGE(G13:J13)=0, "", AVERAGE(G13:J13))) | Q13: =IF(COUNT(K13:N13)<4, "", IF(AVERAGE(K13:N13)=0, "", AVERAGE(K13:N13))) | R13: =IF(COUNT(O13:Q13)<3, "", IF(AVERAGE(O13:Q13)=0, "", AVERAGE(O13:Q13)))
A14: 7 | B14: =Datos!B8 | O14: =IF(COUNT(C14:F14)<4, "", IF((C14+D14+E14+F14)/4=0, "", (C14+D14+E14+F14)/4)) | P14: =IF(COUNT(G14:J14)<4, "", IF(AVERAGE(G14:J14)=0, "", AVERAGE(G14:J14))) | Q14: =IF(COUNT(K14:N14)<4, "", IF(AVERAGE(K14:N14)=0, "", AVERAGE(K14:N14))) | R14: =IF(COUNT(O14:Q14)<3, "", IF(AVERAGE(O14:Q14)=0, "", AVERAGE(O14:Q14)))
A15: 8 | B15: =Datos!B9 | O15: =IF(COUNT(C15:F15)<4, "", IF((C15+D15+E15+F15)/4=0, "", (C15+D15+E15+F15)/4)) | P15: =IF(COUNT(G15:J15)<4, "", IF(AVERAGE(G15:J15)=0, "", AVERAGE(G15:J15))) | Q15: =IF(COUNT(K15:N15)<4, "", IF(AVERAGE(K15:N15)=0, "", AVERAGE(K15:N15))) | R15: =IF(COUNT(O15:Q15)<3, "", IF(AVERAGE(O15:Q15)=0, "", AVERAGE(O15:Q15)))
A16: 9 | B16: =Datos!B10 | O16: =IF(COUNT(C16:F16)<4, "", IF((C16+D16+E16+F16)/4=0, "", (C16+D16+E16+F16)/4)) | P16: =IF(COUNT(G16:J16)<4, "", IF(AVERAGE(G16:J16)=0, "", AVERAGE(G16:J16))) | Q16: =IF(COUNT(K16:N16)<4, "", IF(AVERAGE(K16:N16)=0, "", AVERAGE(K16:N16))) | R16: =IF(COUNT(O16:Q16)<3, "", IF(AVERAGE(O16:Q16)=0, "", AVERAGE(O16:Q16)))
A17: 10 | B17: =Datos!B11 | O17: =IF(COUNT(C17:F17)<4, "", IF((C17+D17+E17+F17)/4=0, "", (C17+D17+E17+F17)/4)) | P17: =IF(COUNT(G17:J17)<4, "", IF(AVERAGE(G17:J17)=0, "", AVERAGE(G17:J17))) | Q17: =IF(COUNT(K17:N17)<4, "", IF(AVERAGE(K17:N17)=0, "", AVERAGE(K17:N17))) | R17: =IF(COUNT(O17:Q17)<3, "", IF(AVERAGE(O17:Q17)=0, "", AVERAGE(O17:Q17)))
A18: 11 | B18: =Datos!B12 | O18: =IF(COUNT(C18:F18)<4, "", IF((C18+D18+E18+F18)/4=0, "", (C18+D18+E18+F18)/4)) | P18: =IF(COUNT(G18:J18)<4, "", IF(AVERAGE(G18:J18)=0, "", AVERAGE(G18:J18))) | Q18: =IF(COUNT(K18:N18)<4, "", IF(AVERAGE(K18:N18)=0, "", AVERAGE(K18:N18))) | R18: =IF(COUNT(O18:Q18)<3, "", IF(AVERAGE(O18:Q18)=0, "", AVERAGE(O18:Q18)))
A19: 12 | B19: =Datos!B13 | O19: =IF(COUNT(C19:F19)<4, "", IF((C19+D19+E19+F19)/4=0, "", (C19+D19+E19+F19)/4)) | P19: =IF(COUNT(G19:J19)<4, "", IF(AVERAGE(G19:J19)=0, "", AVERAGE(G19:J19))) | Q19: =IF(COUNT(K19:N19)<4, "", IF(AVERAGE(K19:N19)=0, "", AVERAGE(K19:N19))) | R19: =IF(COUNT(O19:Q19)<3, "", IF(AVERAGE(O19:Q19)=0, "", AVERAGE(O19:Q19)))
... A42: 35 | B42: =Datos!B36 | O42: =IF(COUNT(C42:F42)<4, "", IF((C42+D42+E42+F42)/4=0, "", (C42+D42+E42+F42)/4)) | P42: =IF(COUNT(G42:J42)<4, "", IF(AVERAGE(G42:J42)=0, "", AVERAGE(G42:J42))) | Q42: =IF(COUNT(K42:N42)<4, "", IF(AVERAGE(K42:N42)=0, "", AVERAGE(K42:N42))) | R42: =IF(COUNT(O42:Q42)<3, "", IF(AVERAGE(O42:Q42)=0, "", AVERAGE(O42:Q42)))

Sheet CIENCIAS SOCIALES
A1: Numero | B1: Nombre/Apellido | C1: Docente: Años Escolar: 2025-2026 Grado: Centro Educativo: Jose Bordas Valdez | E1: =Datos!D2 | R1: Final de área
C2: Años Escolar: | F2: =Datos!D4
C3: Grado: | E3: =Datos!D6
C4: Centro Educativo: | G4: =Datos!D8
C5: C1. comunicatica | G5: C2. Pensamiento Lógico, Creativo y Crítico | K5: C3. Ética y Ciudadana | O5: Promedio del área por C.
C7: P1 | D7: R2 | E7: R3 | F7: R4 | G7: P1 | H7: P2 | I7: P3 | J7: P4 | K7: P1 | L7: P2 | M7: P3 | N7: P4 | O7: C1 | P7: C2 | Q7: C3
A8: 1 | B8: =Datos!B2 | O8: =IF(COUNT(C8:F8)<4, "", IF((C8+D8+E8+F8)/4=0, "", (C8+D8+E8+F8)/4)) | P8: =IF(COUNT(G8:J8)<4, "", IF(AVERAGE(G8:J8)=0, "", AVERAGE(G8:J8))) | Q8: =IF(COUNT(K8:N8)<4, "", IF(AVERAGE(K8:N8)=0, "", AVERAGE(K8:N8))) | R8: =IF(COUNT(O8:Q8)<3, "", IF(AVERAGE(O8:Q8)=0, "", AVERAGE(O8:Q8)))
A9: 2 | B9: =Datos!B3 | O9: =IF(COUNT(C9:F9)<4, "", IF((C9+D9+E9+F9)/4=0, "", (C9+D9+E9+F9)/4)) | P9: =IF(COUNT(G9:J9)<4, "", IF(AVERAGE(G9:J9)=0, "", AVERAGE(G9:J9))) | Q9: =IF(COUNT(K9:N9)<4, "", IF(AVERAGE(K9:N9)=0, "", AVERAGE(K9:N9))) | R9: =IF(COUNT(O9:Q9)<3, "", IF(AVERAGE(O9:Q9)=0, "", AVERAGE(O9:Q9)))
A10: 3 | B10: =Datos!B4 | O10: =IF(COUNT(C10:F10)<4, "", IF((C10+D10+E10+F10)/4=0, "", (C10+D10+E10+F10)/4)) | P10: =IF(COUNT(G10:J10)<4, "", IF(AVERAGE(G10:J10)=0, "", AVERAGE(G10:J10))) | Q10: =IF(COUNT(K10:N10)<4, "", IF(AVERAGE(K10:N10)=0, "", AVERAGE(K10:N10))) | R10: =IF(COUNT(O10:Q10)<3, "", IF(AVERAGE(O10:Q10)=0, "", AVERAGE(O10:Q10)))
A11: 4 | B11: =Datos!B5 | O11: =IF(COUNT(C11:F11)<4, "", IF((C11+D11+E11+F11)/4=0, "", (C11+D11+E11+F11)/4)) | P11: =IF(COUNT(G11:J11)<4, "", IF(AVERAGE(G11:J11)=0, "", AVERAGE(G11:J11))) | Q11: =IF(COUNT(K11:N11)<4, "", IF(AVERAGE(K11:N11)=0, "", AVERAGE(K11:N11))) | R11: =IF(COUNT(O11:Q11)<3, "", IF(AVERAGE(O11:Q11)=0, "", AVERAGE(O11:Q11)))
A12: 5 | B12: =Datos!B6 | O12: =IF(COUNT(C12:F12)<4, "", IF((C12+D12+E12+F12)/4=0, "", (C12+D12+E12+F12)/4)) | P12: =IF(COUNT(G12:J12)<4, "", IF(AVERAGE(G12:J12)=0, "", AVERAGE(G12:J12))) | Q12: =IF(COUNT(K12:N12)<4, "", IF(AVERAGE(K12:N12)=0, "", AVERAGE(K12:N12))) | R12: =IF(COUNT(O12:Q12)<3, "", IF(AVERAGE(O12:Q12)=0, "", AVERAGE(O12:Q12)))
A13: 6 | B13: =Datos!B7 | O13: =IF(COUNT(C13:F13)<4, "", IF((C13+D13+E13+F13)/4=0, "", (C13+D13+E13+F13)/4)) | P13: =IF(COUNT(G13:J13)<4, "", IF(AVERAGE(G13:J13)=0, "", AVERAGE(G13:J13))) | Q13: =IF(COUNT(K13:N13)<4, "", IF(AVERAGE(K13:N13)=0, "", AVERAGE(K13:N13))) | R13: =IF(COUNT(O13:Q13)<3, "", IF(AVERAGE(O13:Q13)=0, "", AVERAGE(O13:Q13)))
A14: 7 | B14: =Datos!B8 | O14: =IF(COUNT(C14:F14)<4, "", IF((C14+D14+E14+F14)/4=0, "", (C14+D14+E14+F14)/4)) | P14: =IF(COUNT(G14:J14)<4, "", IF(AVERAGE(G14:J14)=0, "", AVERAGE(G14:J14))) | Q14: =IF(COUNT(K14:N14)<4, "", IF(AVERAGE(K14:N14)=0, "", AVERAGE(K14:N14))) | R14: =IF(COUNT(O14:Q14)<3, "", IF(AVERAGE(O14:Q14)=0, "", AVERAGE(O14:Q14)))
A15: 8 | B15: =Datos!B9 | O15: =IF(COUNT(C15:F15)<4, "", IF((C15+D15+E15+F15)/4=0, "", (C15+D15+E15+F15)/4)) | P15: =IF(COUNT(G15:J15)<4, "", IF(AVERAGE(G15:J15)=0, "", AVERAGE(G15:J15))) | Q15: =IF(COUNT(K15:N15)<4, "", IF(AVERAGE(K15:N15)=0, "", AVERAGE(K15:N15))) | R15: =IF(COUNT(O15:Q15)<3, "", IF(AVERAGE(O15:Q15)=0, "", AVERAGE(O15:Q15)))
A16: 9 | B16: =Datos!B10 | O16: =IF(COUNT(C16:F16)<4, "", IF((C16+D16+E16+F16)/4=0, "", (C16+D16+E16+F16)/4)) | P16: =IF(COUNT(G16:J16)<4, "", IF(AVERAGE(G16:J16)=0, "", AVERAGE(G16:J16))) | Q16: =IF(COUNT(K16:N16)<4, "", IF(AVERAGE(K16:N16)=0, "", AVERAGE(K16:N16))) | R16: =IF(COUNT(O16:Q16)<3, "", IF(AVERAGE(O16:Q16)=0, "", AVERAGE(O16:Q16)))
A17: 10 | B17: =Datos!B11 | O17: =IF(COUNT(C17:F17)<4, "", IF((C17+D17+E17+F17)/4=0, "", (C17+D17+E17+F17)/4)) | P17: =IF(COUNT(G17:J17)<4, "", IF(AVERAGE(G17:J17)=0, "", AVERAGE(G17:J17))) | Q17: =IF(COUNT(K17:N17)<4, "", IF(AVERAGE(K17:N17)=0, "", AVERAGE(K17:N17))) | R17: =IF(COUNT(O17:Q17)<3, "", IF(AVERAGE(O17:Q17)=0, "", AVERAGE(O17:Q17)))
A18: 11 | B18: =Datos!B12 | O18: =IF(COUNT(C18:F18)<4, "", IF((C18+D18+E18+F18)/4=0, "", (C18+D18+E18+F18)/4)) | P18: =IF(COUNT(G18:J18)<4, "", IF(AVERAGE(G18:J18)=0, "", AVERAGE(G18:J18))) | Q18: =IF(COUNT(K18:N18)<4, "", IF(AVERAGE(K18:N18)=0, "", AVERAGE(K18:N18))) | R18: =IF(COUNT(O18:Q18)<3, "", IF(AVERAGE(O18:Q18)=0, "", AVERAGE(O18:Q18)))
A19: 12 | B19: =Datos!B13 | O19: =IF(COUNT(C19:F19)<4, "", IF((C19+D19+E19+F19)/4=0, "", (C19+D19+E19+F19)/4)) | P19: =IF(COUNT(G19:J19)<4, "", IF(AVERAGE(G19:J19)=0, "", AVERAGE(G19:J19))) | Q19: =IF(COUNT(K19:N19)<4, "", IF(AVERAGE(K19:N19)=0, "", AVERAGE(K19:N19))) | R19: =IF(COUNT(O19:Q19)<3, "", IF(AVERAGE(O19:Q19)=0, "", AVERAGE(O19:Q19)))
... A42: 35 | B42: =Datos!B36 | O42: =IF(COUNT(C42:F42)<4, "", IF((C42+D42+E42+F42)/4=0, "", (C42+D42+E42+F42)/4)) | P42: =IF(COUNT(G42:J42)<4, "", IF(AVERAGE(G42:J42)=0, "", AVERAGE(G42:J42))) | Q42: =IF(COUNT(K42:N42)<4, "", IF(AVERAGE(K42:N42)=0, "", AVERAGE(K42:N42))) | R42: =IF(COUNT(O42:Q42)<3, "", IF(AVERAGE(O42:Q42)=0, "", AVERAGE(O42:Q42)))

Sheet CIENCIAS NATURALES
A1: Numero | B1: Nombre/Apellido | C1: Docente: Años Escolar: 2025-2026 Grado: Centro Educativo: Jose Bordas Valdez | E1: =Datos!D2 | R1: Final de área
C2: Años Escolar: | F2: =Datos!D4
C3: Grado: | E3: =Datos!D6
C4: Centro Educativo: | G4: =Datos!D8
C5: C1. comunicatica | G5: C2. Pensamiento Lógico, Creativo y Crítico | K5: C3. Ética y Ciudadana | O5: Promedio del área por C.
C7: P1 | D7: R2 | E7: R3 | F7: R4 | G7: P1 | H7: P2 | I7: P3 | J7: P4 | K7: P1 | L7: P2 | M7: P3 | N7: P4 | O7: C1 | P7: C2 | Q7: C3
A8: 1 | B8: =Datos!B2 | O8: =IF(COUNT(C8:F8)<4, "", IF((C8+D8+E8+F8)/4=0, "", (C8+D8+E8+F8)/4)) | P8: =IF(COUNT(G8:J8)<4, "", IF(AVERAGE(G8:J8)=0, "", AVERAGE(G8:J8))) | Q8: =IF(COUNT(K8:N8)<4, "", IF(AVERAGE(K8:N8)=0, "", AVERAGE(K8:N8))) | R8: =IF(COUNT(O8:Q8)<3, "", IF(AVERAGE(O8:Q8)=0, "", AVERAGE(O8:Q8)))
A9: 2 | B9: =Datos!B3 | O9: =IF(COUNT(C9:F9)<4, "", IF((C9+D9+E9+F9)/4=0, "", (C9+D9+E9+F9)/4)) | P9: =IF(COUNT(G9:J9)<4, "", IF(AVERAGE(G9:J9)=0, "", AVERAGE(G9:J9))) | Q9: =IF(COUNT(K9:N9)<4, "", IF(AVERAGE(K9:N9)=0, "", AVERAGE(K9:N9))) | R9: =IF(COUNT(O9:Q9)<3, "", IF(AVERAGE(O9:Q9)=0, "", AVERAGE(O9:Q9)))
A10: 3 | B10: =Datos!B4 | O10: =IF(COUNT(C10:F10)<4, "", IF((C10+D10+E10+F10)/4=0, "", (C10+D10+E10+F10)/4)) | P10: =IF(COUNT(G10:J10)<4, "", IF(AVERAGE(G10:J10)=0, "", AVERAGE(G10:J10))) | Q10: =IF(COUNT(K10:N10)<4, "", IF(AVERAGE(K10:N10)=0, "", AVERAGE(K10:N10))) | R10: =IF(COUNT(O10:Q10)<3, "", IF(AVERAGE(O10:Q10)=0, "", AVERAGE(O10:Q10)))
A11: 4 | B11: =Datos!B5 | O11: =IF(COUNT(C11:F11)<4, "", IF((C11+D11+E11+F11)/4=0, "", (C11+D11+E11+F11)/4)) | P11: =IF(COUNT(G11:J11)<4, "", IF(AVERAGE(G11:J11)=0, "", AVERAGE(G11:J11))) | Q11: =IF(COUNT(K11:N11)<4, "", IF(AVERAGE(K11:N11)=0, "", AVERAGE(K11:N11))) | R11: =IF(COUNT(O11:Q11)<3, "", IF(AVERAGE(O11:Q11)=0, "", AVERAGE(O11:Q11)))
A12: 5 | B12: =Datos!B6 | O12: =IF(COUNT(C12:F12)<4, "", IF((C12+D12+E12+F12)/4=0, "", (C12+D12+E12+F12)/4)) | P12: =IF(COUNT(G12:J12)<4, "", IF(AVERAGE(G12:J12)=0, "", AVERAGE(G12:J12))) | Q12: =IF(COUNT(K12:N12)<4, "", IF(AVERAGE(K12:N12)=0, "", AVERAGE(K12:N12))) | R12: =IF(COUNT(O12:Q12)<3, "", IF(AVERAGE(O12:Q12)=0, "", AVERAGE(O12:Q12)))
A13: 6 | B13: =Datos!B7 | O13: =IF(COUNT(C13:F13)<4, "", IF((C13+D13+E13+F13)/4=0, "", (C13+D13+E13+F13)/4)) | P13: =IF(COUNT(G13:J13)<4, "", IF(AVERAGE(G13:J13)=0, "", AVERAGE(G13:J13))) | Q13: =IF(COUNT(K13:N13)<4, "", IF(AVERAGE(K13:N13)=0, "", AVERAGE(K13:N13))) | R13: =IF(COUNT(O13:Q13)<3, "", IF(AVERAGE(O13:Q13)=0, "", AVERAGE(O13:Q13)))
A14: 7 | B14: =Datos!B8 | O14: =IF(COUNT(C14:F14)<4, "", IF((C14+D14+E14+F14)/4=0, "", (C14+D14+E14+F14)/4)) | P14: =IF(COUNT(G14:J14)<4, "", IF(AVERAGE(G14:J14)=0, "", AVERAGE(G14:J14))) | Q14: =IF(COUNT(K14:N14)<4, "", IF(AVERAGE(K14:N14)=0, "", AVERAGE(K14:N14))) | R14: =IF(COUNT(O14:Q14)<3, "", IF(AVERAGE(O14:Q14)=0, "", AVERAGE(O14:Q14)))
A15: 8 | B15: =Datos!B9 | O15: =IF(COUNT(C15:F15)<4, "", IF((C15+D15+E15+F15)/4=0, "", (C15+D15+E15+F15)/4)) | P15: =IF(COUNT(G15:J15)<4, "", IF(AVERAGE(G15:J15)=0, "", AVERAGE(G15:J15))) | Q15: =IF(COUNT(K15:N15)<4, "", IF(AVERAGE(K15:N15)=0, "", AVERAGE(K15:N15))) | R15: =IF(COUNT(O15:Q15)<3, "", IF(AVERAGE(O15:Q15)=0, "", AVERAGE(O15:Q15)))
A16: 9 | B16: =Datos!B10 | O16: =IF(COUNT(C16:F16)<4, "", IF((C16+D16+E16+F16)/4=0, "", (C16+D16+E16+F16)/4)) | P16: =IF(COUNT(G16:J16)<4, "", IF(AVERAGE(G16:J16)=0, "", AVERAGE(G16:J16))) | Q16: =IF(COUNT(K16:N16)<4, "", IF(AVERAGE(K16:N16)=0, "", AVERAGE(K16:N16))) | R16: =IF(COUNT(O16:Q16)<3, "", IF(AVERAGE(O16:Q16)=0, "", AVERAGE(O16:Q16)))
A17: 10 | B17: =Datos!B11 | O17: =IF(COUNT(C17:F17)<4, "", IF((C17+D17+E17+F17)/4=0, "", (C17+D17+E17+F17)/4)) | P17: =IF(COUNT(G17:J17)<4, "", IF(AVERAGE(G17:J17)=0, "", AVERAGE(G17:J17))) | Q17: =IF(COUNT(K17:N17)<4, "", IF(AVERAGE(K17:N17)=0, "", AVERAGE(K17:N17))) | R17: =IF(COUNT(O17:Q17)<3, "", IF(AVERAGE(O17:Q17)=0, "", AVERAGE(O17:Q17)))
A18: 11 | B18: =Datos!B12 | O18: =IF(COUNT(C18:F18)<4, "", IF((C18+D18+E18+F18)/4=0, "", (C18+D18+E18+F18)/4)) | P18: =IF(COUNT(G18:J18)<4, "", IF(AVERAGE(G18:J18)=0, "", AVERAGE(G18:J18))) | Q18: =IF(COUNT(K18:N18)<4, "", IF(AVERAGE(K18:N18)=0, "", AVERAGE(K18:N18))) | R18: =IF(COUNT(O18:Q18)<3, "", IF(AVERAGE(O18:Q18)=0, "", AVERAGE(O18:Q18)))
A19: 12 | B19: =Datos!B13 | O19: =IF(COUNT(C19:F19)<4, "", IF((C19+D19+E19+F19)/4=0, "", (C19+D19+E19+F19)/4)) | P19: =IF(COUNT(G19:J19)<4, "", IF(AVERAGE(G19:J19)=0, "", AVERAGE(G19:J19))) | Q19: =IF(COUNT(K19:N19)<4, "", IF(AVERAGE(K19:N19)=0, "", AVERAGE(K19:N19))) | R19: =IF(COUNT(O19:Q19)<3, "", IF(AVERAGE(O19:Q19)=0, "", AVERAGE(O19:Q19)))
... A42: 35 | B42: =Datos!B36 | O42: =IF(COUNT(C42:F42)<4, "", IF((C42+D42+E42+F42)/4=0, "", (C42+D42+E42+F42)/4)) | P42: =IF(COUNT(G42:J42)<4, "", IF(AVERAGE(G42:J42)=0, "", AVERAGE(G42:J42))) | Q42: =IF(COUNT(K42:N42)<4, "", IF(AVERAGE(K42:N42)=0, "", AVERAGE(K42:N42))) | R42: =IF(COUNT(O42:Q42)<3, "", IF(AVERAGE(O42:Q42)=0, "", AVERAGE(O42:Q42)))

Sheet EDUCACIÓN FÍSICA
A1: Numero | B1: Nombre/Apellido | C1: Docente: Años Escolar: 2025-2026 Grado: Centro Educativo: Jose Bordas Valdez | E1: =Datos!D2 | R1: Final de área
C2: Años Escolar: | F2: =Datos!D4
C3: Grado: | E3: =Datos!D6
C4: Centro Educativo: | G4: =Datos!D8
C5: C1. comunicatica | G5: C2. Pensamiento Lógico, Creativo y Crítico | K5: C3. Ética y Ciudadana | O5: Promedio del área por C.
C7: P1 | D7: R2 | E7: R3 | F7: R4 | G7: P1 | H7: P2 | I7: P3 | J7: P4 | K7: P1 | L7: P2 | M7: P3 | N7: P4 | O7: C1 | P7: C2 | Q7: C3
A8: 1 | B8: =Datos!B2 | O8: =IF(COUNT(C8:F8)<4, "", IF((C8+D8+E8+F8)/4=0, "", (C8+D8+E8+F8)/4)) | P8: =IF(COUNT(G8:J8)<4, "", IF(AVERAGE(G8:J8)=0, "", AVERAGE(G8:J8))) | Q8: =IF(COUNT(K8:N8)<4, "", IF(AVERAGE(K8:N8)=0, "", AVERAGE(K8:N8))) | R8: =IF(COUNT(O8:Q8)<3, "", IF(AVERAGE(O8:Q8)=0, "", AVERAGE(O8:Q8)))
A9: 2 | B9: =Datos!B3 | O9: =IF(COUNT(C9:F9)<4, "", IF((C9+D9+E9+F9)/4=0, "", (C9+D9+E9+F9)/4)) | P9: =IF(COUNT(G9:J9)<4, "", IF(AVERAGE(G9:J9)=0, "", AVERAGE(G9:J9))) | Q9: =IF(COUNT(K9:N9)<4, "", IF(AVERAGE(K9:N9)=0, "", AVERAGE(K9:N9))) | R9: =IF(COUNT(O9:Q9)<3, "", IF(AVERAGE(O9:Q9)=0, "", AVERAGE(O9:Q9)))
A10: 3 | B10: =Datos!B4 | O10: =IF(COUNT(C10:F10)<4, "", IF((C10+D10+E10+F10)/4=0, "", (C10+D10+E10+F10)/4)) | P10: =IF(COUNT(G10:J10)<4, "", IF(AVERAGE(G10:J10)=0, "", AVERAGE(G10:J10))) | Q10: =IF(COUNT(K10:N10)<4, "", IF(AVERAGE(K10:N10)=0, "", AVERAGE(K10:N10))) | R10: =IF(COUNT(O10:Q10)<3, "", IF(AVERAGE(O10:Q10)=0, "", AVERAGE(O10:Q10)))
A11: 4 | B11: =Datos!B5 | O11: =IF(COUNT(C11:F11)<4, "", IF((C11+D11+E11+F11)/4=0, "", (C11+D11+E11+F11)/4)) | P11: =IF(COUNT(G11:J11)<4, "", IF(AVERAGE(G11:J11)=0, "", AVERAGE(G11:J11))) | Q11: =IF(COUNT(K11:N11)<4, "", IF(AVERAGE(K11:N11)=0, "", AVERAGE(K11:N11))) | R11: =IF(COUNT(O11:Q11)<3, "", IF(AVERAGE(O11:Q11)=0, "", AVERAGE(O11:Q11)))
A12: 5 | B12: =Datos!B6 | O12: =IF(COUNT(C12:F12)<4, "", IF((C12+D12+E12+F12)/4=0, "", (C12+D12+E12+F12)/4)) | P12: =IF(COUNT(G12:J12)<4, "", IF(AVERAGE(G12:J12)=0, "", AVERAGE(G12:J12))) | Q12: =IF(COUNT(K12:N12)<4, "", IF(AVERAGE(K12:N12)=0, "", AVERAGE(K12:N12))) | R12: =IF(COUNT(O12:Q12)<3, "", IF(AVERAGE(O12:Q12)=0, "", AVERAGE(O12:Q12)))
A13: 6 | B13: =Datos!B7 | O13: =IF(COUNT(C13:F13)<4, "", IF((C13+D13+E13+F13)/4=0, "", (C13+D13+E13+F13)/4)) | P13: =IF(COUNT(G13:J13)<4, "", IF(AVERAGE(G13:J13)=0, "", AVERAGE(G13:J13))) | Q13: =IF(COUNT(K13:N13)<4, "", IF(AVERAGE(K13:N13)=0, "", AVERAGE(K13:N13))) | R13: =IF(COUNT(O13:Q13)<3, "", IF(AVERAGE(O13:Q13)=0, "", AVERAGE(O13:Q13)))
A14: 7 | B14: =Datos!B8 | O14: =IF(COUNT(C14:F14)<4, "", IF((C14+D14+E14+F14)/4=0, "", (C14+D14+E14+F14)/4)) | P14: =IF(COUNT(G14:J14)<4, "", IF(AVERAGE(G14:J14)=0, "", AVERAGE(G14:J14))) | Q14: =IF(COUNT(K14:N14)<4, "", IF(AVERAGE(K14:N14)=0, "", AVERAGE(K14:N14))) | R14: =IF(COUNT(O14:Q14)<3, "", IF(AVERAGE(O14:Q14)=0, "", AVERAGE(O14:Q14)))
A15: 8 | B15: =Datos!B9 | O15: =IF(COUNT(C15:F15)<4, "", IF((C15+D15+E15+F15)/4=0, "", (C15+D15+E15+F15)/4)) | P15: =IF(COUNT(G15:J15)<4, "", IF(AVERAGE(G15:J15)=0, "", AVERAGE(G15:J15))) | Q15: =IF(COUNT(K15:N15)<4, "", IF(AVERAGE(K15:N15)=0, "", AVERAGE(K15:N15))) | R15: =IF(COUNT(O15:Q15)<3, "", IF(AVERAGE(O15:Q15)=0, "", AVERAGE(O15:Q15)))
A16: 9 | B16: =Datos!B10 | O16: =IF(COUNT(C16:F16)<4, "", IF((C16+D16+E16+F16)/4=0, "", (C16+D16+E16+F16)/4)) | P16: =IF(COUNT(G16:J16)<4, "", IF(AVERAGE(G16:J16)=0, "", AVERAGE(G16:J16))) | Q16: =IF(COUNT(K16:N16)<4, "", IF(AVERAGE(K16:N16)=0, "", AVERAGE(K16:N16))) | R16: =IF(COUNT(O16:Q16)<3, "", IF(AVERAGE(O16:Q16)=0, "", AVERAGE(O16:Q16)))
A17: 10 | B17: =Datos!B11 | O17: =IF(COUNT(C17:F17)<4, "", IF((C17+D17+E17+F17)/4=0, "", (C17+D17+E17+F17)/4)) | P17: =IF(COUNT(G17:J17)<4, "", IF(AVERAGE(G17:J17)=0, "", AVERAGE(G17:J17))) | Q17: =IF(COUNT(K17:N17)<4, "", IF(AVERAGE(K17:N17)=0, "", AVERAGE(K17:N17))) | R17: =IF(COUNT(O17:Q17)<3, "", IF(AVERAGE(O17:Q17)=0, "", AVERAGE(O17:Q17)))
A18: 11 | B18: =Datos!B12 | O18: =IF(COUNT(C18:F18)<4, "", IF((C18+D18+E18+F18)/4=0, "", (C18+D18+E18+F18)/4)) | P18: =IF(COUNT(G18:J18)<4, "", IF(AVERAGE(G18:J18)=0, "", AVERAGE(G18:J18))) | Q18: =IF(COUNT(K18:N18)<4, "", IF(AVERAGE(K18:N18)=0, "", AVERAGE(K18:N18))) | R18: =IF(COUNT(O18:Q18)<3, "", IF(AVERAGE(O18:Q18)=0, "", AVERAGE(O18:Q18)))
A19: 12 | B19: =Datos!B13 | O19: =IF(COUNT(C19:F19)<4, "", IF((C19+D19+E19+F19)/4=0, "", (C19+D19+E19+F19)/4)) | P19: =IF(COUNT(G19:J19)<4, "", IF(AVERAGE(G19:J19)=0, "", AVERAGE(G19:J19))) | Q19: =IF(COUNT(K19:N19)<4, "", IF(AVERAGE(K19:N19)=0, "", AVERAGE(K19:N19))) | R19: =IF(COUNT(O19:Q19)<3, "", IF(AVERAGE(O19:Q19)=0, "", AVERAGE(O19:Q19)))
... A42: 35 | B42: =Datos!B36 | O42: =IF(COUNT(C42:F42)<4, "", IF((C42+D42+E42+F42)/4=0, "", (C42+D42+E42+F42)/4)) | P42: =IF(COUNT(G42:J42)<4, "", IF(AVERAGE(G42:J42)=0, "", AVERAGE(G42:J42))) | Q42: =IF(COUNT(K42:N42)<4, "", IF(AVERAGE(K42:N42)=0, "", AVERAGE(K42:N42))) | R42: =IF(COUNT(O42:Q42)<3, "", IF(AVERAGE(O42:Q42)=0, "", AVERAGE(O42:Q42)))

Sheet FORMACIÓN HUMANA
A1: Numero | B1: Nombre/Apellido | C1: Docente: Años Escolar: 2025-2026 Grado: Centro Educativo: Jose Bordas Valdez | E1: =Datos!D2 | R1: Final de área
C2: Años Escolar: | F2: =Datos!D4
C3: Grado: | E3: =Datos!D6
C4: Centro Educativo: | G4: =Datos!D8
C5: C1. comunicatica | G5: C2. Pensamiento Lógico, Creativo y Crítico | K5: C3. Ética y Ciudadana | O5: Promedio del área por C.
C7: P1 | D7: R2 | E7: R3 | F7: R4 | G7: P1 | H7: P2 | I7: P3 | J7: P4 | K7: P1 | L7: P2 | M7: P3 | N7: P4 | O7: C1 | P7: C2 | Q7: C3
A8: 1 | B8: =Datos!B2 | O8: =IF(COUNT(C8:F8)<4, "", IF((C8+D8+E8+F8)/4=0, "", (C8+D8+E8+F8)/4)) | P8: =IF(COUNT(G8:J8)<4, "", IF(AVERAGE(G8:J8)=0, "", AVERAGE(G8:J8))) | Q8: =IF(COUNT(K8:N8)<4, "", IF(AVERAGE(K8:N8)=0, "", AVERAGE(K8:N8))) | R8: =IF(COUNT(O8:Q8)<3, "", IF(AVERAGE(O8:Q8)=0, "", AVERAGE(O8:Q8)))
A9: 2 | B9: =Datos!B3 | O9: =IF(COUNT(C9:F9)<4, "", IF((C9+D9+E9+F9)/4=0, "", (C9+D9+E9+F9)/4)) | P9: =IF(COUNT(G9:J9)<4, "", IF(AVERAGE(G9:J9)=0, "", AVERAGE(G9:J9))) | Q9: =IF(COUNT(K9:N9)<4, "", IF(AVERAGE(K9:N9)=0, "", AVERAGE(K9:N9))) | R9: =IF(COUNT(O9:Q9)<3, "", IF(AVERAGE(O9:Q9)=0, "", AVERAGE(O9:Q9)))
A10: 3 | B10: =Datos!B4 | O10: =IF(COUNT(C10:F10)<4, "", IF((C10+D10+E10+F10)/4=0, "", (C10+D10+E10+F10)/4)) | P10: =IF(COUNT(G10:J10)<4, "", IF(AVERAGE(G10:J10)=0, "", AVERAGE(G10:J10))) | Q10: =IF(COUNT(K10:N10)<4, "", IF(AVERAGE(K10:N10)=0, "", AVERAGE(K10:N10))) | R10: =IF(COUNT(O10:Q10)<3, "", IF(AVERAGE(O10:Q10)=0, "", AVERAGE(O10:Q10)))
A11: 4 | B11: =Datos!B5 | O11: =IF(COUNT(C11:F11)<4, "", IF((C11+D11+E11+F11)/4=0, "", (C11+D11+E11+F11)/4)) | P11: =IF(COUNT(G11:J11)<4, "", IF(AVERAGE(G11:J11)=0, "", AVERAGE(G11:J11))) | Q11: =IF(COUNT(K11:N11)<4, "", IF(AVERAGE(K11:N11)=0, "", AVERAGE(K11:N11))) | R11: =IF(COUNT(O11:Q11)<3, "", IF(AVERAGE(O11:Q11)=0, "", AVERAGE(O11:Q11)))
A12: 5 | B12: =Datos!B6 | O12: =IF(COUNT(C12:F12)<4, "", IF((C12+D12+E12+F12)/4=0, "", (C12+D12+E12+F12)/4)) | P12: =IF(COUNT(G12:J12)<4, "", IF(AVERAGE(G12:J12)=0, "", AVERAGE(G12:J12))) | Q12: =IF(COUNT(K12:N12)<4, "", IF(AVERAGE(K12:N12)=0, "", AVERAGE(K12:N12))) | R12: =IF(COUNT(O12:Q12)<3, "", IF(AVERAGE(O12:Q12)=0, "", AVERAGE(O12:Q12)))
A13: 6 | B13: =Datos!B7 | O13: =IF(COUNT(C13:F13)<4, "", IF((C13+D13+E13+F13)/4=0, "", (C13+D13+E13+F13)/4)) | P13: =IF(COUNT(G13:J13)<4, "", IF(AVERAGE(G13:J13)=0, "", AVERAGE(G13:J13))) | Q13: =IF(COUNT(K13:N13)<4, "", IF(AVERAGE(K13:N13)=0, "", AVERAGE(K13:N13))) | R13: =IF(COUNT(O13:Q13)<3, "", IF(AVERAGE(O13:Q13)=0, "", AVERAGE(O13:Q13)))
A14: 7 | B14: =Datos!B8 | O14: =IF(COUNT(C14:F14)<4, "", IF((C14+D14+E14+F14)/4=0, "", (C14+D14+E14+F14)/4)) | P14: =IF(COUNT(G14:J14)<4, "", IF(AVERAGE(G14:J14)=0, "", AVERAGE(G14:J14))) | Q14: =IF(COUNT(K14:N14)<4, "", IF(AVERAGE(K14:N14)=0, "", AVERAGE(K14:N14))) | R14: =IF(COUNT(O14:Q14)<3, "", IF(AVERAGE(O14:Q14)=0, "", AVERAGE(O14:Q14)))
A15: 8 | B15: =Datos!B9 | O15: =IF(COUNT(C15:F15)<4, "", IF((C15+D15+E15+F15)/4=0, "", (C15+D15+E15+F15)/4)) | P15: =IF(COUNT(G15:J15)<4, "", IF(AVERAGE(G15:J15)=0, "", AVERAGE(G15:J15))) | Q15: =IF(COUNT(K15:N15)<4, "", IF(AVERAGE(K15:N15)=0, "", AVERAGE(K15:N15))) | R15: =IF(COUNT(O15:Q15)<3, "", IF(AVERAGE(O15:Q15)=0, "", AVERAGE(O15:Q15)))
A16: 9 | B16: =Datos!B10 | O16: =IF(COUNT(C16:F16)<4, "", IF((C16+D16+E16+F16)/4=0, "", (C16+D16+E16+F16)/4)) | P16: =IF(COUNT(G16:J16)<4, "", IF(AVERAGE(G16:J16)=0, "", AVERAGE(G16:J16))) | Q16: =IF(COUNT(K16:N16)<4, "", IF(AVERAGE(K16:N16)=0, "", AVERAGE(K16:N16))) | R16: =IF(COUNT(O16:Q16)<3, "", IF(AVERAGE(O16:Q16)=0, "", AVERAGE(O16:Q16)))
A17: 10 | B17: =Datos!B11 | O17: =IF(COUNT(C17:F17)<4, "", IF((C17+D17+E17+F17)/4=0, "", (C17+D17+E17+F17)/4)) | P17: =IF(COUNT(G17:J17)<4, "", IF(AVERAGE(G17:J17)=0, "", AVERAGE(G17:J17))) | Q17: =IF(COUNT(K17:N17)<4, "", IF(AVERAGE(K17:N17)=0, "", AVERAGE(K17:N17))) | R17: =IF(COUNT(O17:Q17)<3, "", IF(AVERAGE(O17:Q17)=0, "", AVERAGE(O17:Q17)))
A18: 11 | B18: =Datos!B12 | O18: =IF(COUNT(C18:F18)<4, "", IF((C18+D18+E18+F18)/4=0, "", (C18+D18+E18+F18)/4)) | P18: =IF(COUNT(G18:J18)<4, "", IF(AVERAGE(G18:J18)=0, "", AVERAGE(G18:J18))) | Q18: =IF(COUNT(K18:N18)<4, "", IF(AVERAGE(K18:N18)=0, "", AVERAGE(K18:N18))) | R18: =IF(COUNT(O18:Q18)<3, "", IF(AVERAGE(O18:Q18)=0, "", AVERAGE(O18:Q18)))
A19: 12 | B19: =Datos!B13 | O19: =IF(COUNT(C19:F19)<4, "", IF((C19+D19+E19+F19)/4=0, "", (C19+D19+E19+F19)/4)) | P19: =IF(COUNT(G19:J19)<4, "", IF(AVERAGE(G19:J19)=0, "", AVERAGE(G19:J19))) | Q19: =IF(COUNT(K19:N19)<4, "", IF(AVERAGE(K19:N19)=0, "", AVERAGE(K19:N19))) | R19: =IF(COUNT(O19:Q19)<3, "", IF(AVERAGE(O19:Q19)=0, "", AVERAGE(O19:Q19)))
... A42: 35 | B42: =Datos!B36 | O42: =IF(COUNT(C42:F42)<4, "", IF((C42+D42+E42+F42)/4=0, "", (C42+D42+E42+F42)/4)) | P42: =IF(COUNT(G42:J42)<4, "", IF(AVERAGE(G42:J42)=0, "", AVERAGE(G42:J42))) | Q42: =IF(COUNT(K42:N42)<4, "", IF(AVERAGE(K42:N42)=0, "", AVERAGE(K42:N42))) | R42: =IF(COUNT(O42:Q42)<3, "", IF(AVERAGE(O42:Q42)=0, "", AVERAGE(O42:Q42)))

Sheet EDUCACIÓN ARTÍSTICA
A1: Numero | B1: Nombre/Apellido | C1: Docente: Años Escolar: 2025-2026 Grado: Centro Educativo: Jose Bordas Valdez | E1: =Datos!D2 | R1: Final de área
C2: Años Escolar: | F2: =Datos!D4
C3: Grado: | E3: =Datos!D6
C4: Centro Educativo: | G4: =Datos!D8
C5: C1. comunicatica | G5: C2. Pensamiento Lógico, Creativo y Crítico | K5: C3. Ética y Ciudadana | O5: Promedio del área por C.
C7: P1 | D7: R2 | E7: R3 | F7: R4 | G7: P1 | H7: P2 | I7: P3 | J7: P4 | K7: P1 | L7: P2 | M7: P3 | N7: P4 | O7: C1 | P7: C2 | Q7: C3
A8: 1 | B8: =Datos!B2 | O8: =IF(COUNT(C8:F8)<4, "", IF((C8+D8+E8+F8)/4=0, "", (C8+D8+E8+F8)/4)) | P8: =IF(COUNT(G8:J8)<4, "", IF(AVERAGE(G8:J8)=0, "", AVERAGE(G8:J8))) | Q8: =IF(COUNT(K8:N8)<4, "", IF(AVERAGE(K8:N8)=0, "", AVERAGE(K8:N8))) | R8: =IF(COUNT(O8:Q8)<3, "", IF(AVERAGE(O8:Q8)=0, "", AVERAGE(O8:Q8)))
A9: 2 | B9: =Datos!B3 | O9: =IF(COUNT(C9:F9)<4, "", IF((C9+D9+E9+F9)/4=0, "", (C9+D9+E9+F9)/4)) | P9: =IF(COUNT(G9:J9)<4, "", IF(AVERAGE(G9:J9)=0, "", AVERAGE(G9:J9))) | Q9: =IF(COUNT(K9:N9)<4, "", IF(AVERAGE(K9:N9)=0, "", AVERAGE(K9:N9))) | R9: =IF(COUNT(O9:Q9)<3, "", IF(AVERAGE(O9:Q9)=0, "", AVERAGE(O9:Q9)))
A10: 3 | B10: =Datos!B4 | O10: =IF(COUNT(C10:F10)<4, "", IF((C10+D10+E10+F10)/4=0, "", (C10+D10+E10+F10)/4)) | P10: =IF(COUNT(G10:J10)<4, "", IF(AVERAGE(G10:J10)=0, "", AVERAGE(G10:J10))) | Q10: =IF(COUNT(K10:N10)<4, "", IF(AVERAGE(K10:N10)=0, "", AVERAGE(K10:N10))) | R10: =IF(COUNT(O10:Q10)<3, "", IF(AVERAGE(O10:Q10)=0, "", AVERAGE(O10:Q10)))
A11: 4 | B11: =Datos!B5 | O11: =IF(COUNT(C11:F11)<4, "", IF((C11+D11+E11+F11)/4=0, "", (C11+D11+E11+F11)/4)) | P11: =IF(COUNT(G11:J11)<4, "", IF(AVERAGE(G11:J11)=0, "", AVERAGE(G11:J11))) | Q11: =IF(COUNT(K11:N11)<4, "", IF(AVERAGE(K11:N11)=0, "", AVERAGE(K11:N11))) | R11: =IF(COUNT(O11:Q11)<3, "", IF(AVERAGE(O11:Q11)=0, "", AVERAGE(O11:Q11)))
A12: 5 | B12: =Datos!B6 | O12: =IF(COUNT(C12:F12)<4, "", IF((C12+D12+E12+F12)/4=0, "", (C12+D12+E12+F12)/4)) | P12: =IF(COUNT(G12:J12)<4, "", IF(AVERAGE(G12:J12)=0, "", AVERAGE(G12:J12))) | Q12: =IF(COUNT(K12:N12)<4, "", IF(AVERAGE(K12:N12)=0, "", AVERAGE(K12:N12))) | R12: =IF(COUNT(O12:Q12)<3, "", IF(AVERAGE(O12:Q12)=0, "", AVERAGE(O12:Q12)))
A13: 6 | B13: =Datos!B7 | O13: =IF(COUNT(C13:F13)<4, "", IF((C13+D13+E13+F13)/4=0, "", (C13+D13+E13+F13)/4)) | P13: =IF(COUNT(G13:J13)<4, "", IF(AVERAGE(G13:J13)=0, "", AVERAGE(G13:J13))) | Q13: =IF(COUNT(K13:N13)<4, "", IF(AVERAGE(K13:N13)=0, "", AVERAGE(K13:N13))) | R13: =IF(COUNT(O13:Q13)<3, "", IF(AVERAGE(O13:Q13)=0, "", AVERAGE(O13:Q13)))
A14: 7 | B14: =Datos!B8 | O14: =IF(COUNT(C14:F14)<4, "", IF((C14+D14+E14+F14)/4=0, "", (C14+D14+E14+F14)/4)) | P14: =IF(COUNT(G14:J14)<4, "", IF(AVERAGE(G14:J14)=0, "", AVERAGE(G14:J14))) | Q14: =IF(COUNT(K14:N14)<4, "", IF(AVERAGE(K14:N14)=0, "", AVERAGE(K14:N14))) | R14: =IF(COUNT(O14:Q14)<3, "", IF(AVERAGE(O14:Q14)=0, "", AVERAGE(O14:Q14)))
A15: 8 | B15: =Datos!B9 | O15: =IF(COUNT(C15:F15)<4, "", IF((C15+D15+E15+F15)/4=0, "", (C15+D15+E15+F15)/4)) | P15: =IF(COUNT(G15:J15)<4, "", IF(AVERAGE(G15:J15)=0, "", AVERAGE(G15:J15))) | Q15: =IF(COUNT(K15:N15)<4, "", IF(AVERAGE(K15:N15)=0, "", AVERAGE(K15:N15))) | R15: =IF(COUNT(O15:Q15)<3, "", IF(AVERAGE(O15:Q15)=0, "", AVERAGE(O15:Q15)))
A16: 9 | B16: =Datos!B10 | O16: =IF(COUNT(C16:F16)<4, "", IF((C16+D16+E16+F16)/4=0, "", (C16+D16+E16+F16)/4)) | P16: =IF(COUNT(G16:J16)<4, "", IF(AVERAGE(G16:J16)=0, "", AVERAGE(G16:J16))) | Q16: =IF(COUNT(K16:N16)<4, "", IF(AVERAGE(K16:N16)=0, "", AVERAGE(K16:N16))) | R16: =IF(COUNT(O16:Q16)<3, "", IF(AVERAGE(O16:Q16)=0, "", AVERAGE(O16:Q16)))
A17: 10 | B17: =Datos!B11 | O17: =IF(COUNT(C17:F17)<4, "", IF((C17+D17+E17+F17)/4=0, "", (C17+D17+E17+F17)/4)) | P17: =IF(COUNT(G17:J17)<4, "", IF(AVERAGE(G17:J17)=0, "", AVERAGE(G17:J17))) | Q17: =IF(COUNT(K17:N17)<4, "", IF(AVERAGE(K17:N17)=0, "", AVERAGE(K17:N17))) | R17: =IF(COUNT(O17:Q17)<3, "", IF(AVERAGE(O17:Q17)=0, "", AVERAGE(O17:Q17)))
A18: 11 | B18: =Datos!B12 | O18: =IF(COUNT(C18:F18)<4, "", IF((C18+D18+E18+F18)/4=0, "", (C18+D18+E18+F18)/4)) | P18: =IF(COUNT(G18:J18)<4, "", IF(AVERAGE(G18:J18)=0, "", AVERAGE(G18:J18))) | Q18: =IF(COUNT(K18:N18)<4, "", IF(AVERAGE(K18:N18)=0, "", AVERAGE(K18:N18))) | R18: =IF(COUNT(O18:Q18)<3, "", IF(AVERAGE(O18:Q18)=0, "", AVERAGE(O18:Q18)))
A19: 12 | B19: =Datos!B13 | O19: =IF(COUNT(C19:F19)<4, "", IF((C19+D19+E19+F19)/4=0, "", (C19+D19+E19+F19)/4)) | P19: =IF(COUNT(G19:J19)<4, "", IF(AVERAGE(G19:J19)=0, "", AVERAGE(G19:J19))) | Q19: =IF(COUNT(K19:N19)<4, "", IF(AVERAGE(K19:N19)=0, "", AVERAGE(K19:N19))) | R19: =IF(COUNT(O19:Q19)<3, "", IF(AVERAGE(O19:Q19)=0, "", AVERAGE(O19:Q19)))
... A42: 35 | B42: =Datos!B36 | O42: =IF(COUNT(C42:F42)<4, "", IF((C42+D42+E42+F42)/4=0, "", (C42+D42+E42+F42)/4)) | P42: =IF(COUNT(G42:J42)<4, "", IF(AVERAGE(G42:J42)=0, "", AVERAGE(G42:J42))) | Q42: =IF(COUNT(K42:N42)<4, "", IF(AVERAGE(K42:N42)=0, "", AVERAGE(K42:N42))) | R42: =IF(COUNT(O42:Q42)<3, "", IF(AVERAGE(O42:Q42)=0, "", AVERAGE(O42:Q42)))

Sheet Datos
A1: Numero | B1: Nombre | C1: ID | D1: Docente
A2: 1
A3: 2 | D3: Año escolar
A4: 3
A5: 4 | D5: Grado
A6: 5
A7: 6 | D7: Centro Educativo
A8: 7
A9: 8
A10: 9
A11: 10
A12: 11
A13: 12
A14: 13
A15: 14
A16: 15
A17: 16
A18: 17
A19: 18
... A36: 35
